OPERATEUR,RANG_BOSS_CANONIQUE
Adam,PU
Aidan,PH
Aissat,PH
Albert,CCA
Allard,PU
Ammar Khodja,CCA
Amory,CCA
Arapis,PH
Azoulay,PU
Baron,DJ
Benedetti,CCA
"Benedetti, Lardinois",CCA
Blanchet,PH
Boicu,CCA
Bouteloup,CCA
Breton,PH
Cabrit,CCA
Calmels,CCA
Carteaux Taieb,PH
Cattan,PU
Cherqui,PU
Ciacio,PH
Corleone,CCA
Corte,PH
Coton,PH
Crespin,CCA
Côme,CCA
Da Silva,DJ
Daho,PH
Dhote,DJ
Dubita,CCA
Duclos,CCA
Faermark,CCA
Faul,CCA
Gaillard,PH
Gaujoux,PU
Genser,MCU
Ghallab,CCA
Ghedira,CCA
Golse,MCU
Goumard,MCU
Goéré,PU
Halimi,PH
Jeune,PH
Karoui,PU
Kuczma,CCA
Lardinois,CCA
Lartigau,DJ
Lazzati,MCU
Le Floc'h,CCA
Leconte,PH
Levenson,CCA
Lim,MCU
Loukakos,PH
M'Harzi,CCA
Maggiori,PU
Manceau,PU
Marchese,MCU
Mariani,PH
Massault,PH
Melot,PH
Nassar,CCA
Pancreac'h,DJ
Pantel,DJ
Pautrat,PH
Peloso,CCA
Perdigao,PH
Pietrasz,MCU
Pittau,PH
Pocard,PU
Polliand,PH
Puygrenier,DJ
Ragot,PH
Rebibo,MCU
Rifai,CCA
Robin,CCA
Romanelli,PH
Rousseau,PH
Sa Cunha,PU
Salloum,PH
Sarfati,PU
Savier,PH
Scatton,PU
Sesmun,CCA
Smits,CCA
Tarhini,CCA
Torcivia,PH
Tresallet,PH
Triantafyllou,CCA
Triki,CCA
Tzedakis,MCU
Vibert,PU
